{
    "0.505": {
        "0.51": {
            "rej_sam": 1759.5897435897436,
            "not_rej_sam": 0.99922,
            "rej_N": 13808.71218,
            "not_rej_N": 0
        },
        "0.55": {
            "rej_sam": 642.9831413985515,
            "not_rej_sam": 0.91577,
            "rej_N": 18065.24801,
            "not_rej_N": 0
        },
        "0.7": {
            "rej_sam": 38.642246404974735,
            "not_rej_sam": 0.94854,
            "rej_N": 18785.9642,
            "not_rej_N": 0
        }
    },
    "0.51": {
        "0.51": {
            "rej_sam": 1748.6138888888888,
            "not_rej_sam": 0.9964,
            "rej_N": 8374.3455,
            "not_rej_N": 0
        },
        "0.55": {
            "rej_sam": 707.2987145480514,
            "not_rej_sam": 0.85297,
            "rej_N": 14921.11376,
            "not_rej_N": 0
        },
        "0.7": {
            "rej_sam": 40.79641131815045,
            "not_rej_sam": 0.94204,
            "rej_N": 18474.69819,
            "not_rej_N": 0
        }
    },
    "0.52": {
        "0.51": {
            "rej_sam": 1728.150791656195,
            "not_rej_sam": 0.96021,
            "rej_N": 4194.17664,
            "not_rej_N": 0
        },
        "0.55": {
            "rej_sam": 817.8145237262132,
            "not_rej_sam": 0.62847,
            "rej_N": 5457.5853,
            "not_rej_N": 0
        },
        "0.7": {
            "rej_sam": 46.083271559179636,
            "not_rej_sam": 0.91906,
            "rej_N": 17679.08616,
            "not_rej_N": 0
        }
    },
    "0.55": {
        "0.51": {
            "rej_sam": 1469.721751512156,
            "not_rej_sam": 0.15022,
            "rej_N": 1590.37967,
            "not_rej_N": 0
        },
        "0.55": {
            "rej_sam": 550.5371035126146,
            "not_rej_sam": 0.01384,
            "rej_N": 576.63204,
            "not_rej_N": 0
        },
        "0.7": {
            "rej_sam": 72.14529656973532,
            "not_rej_sam": 0.80089,
            "rej_N": 12913.28966,
            "not_rej_N": 0
        }
    },
    "0.6": {
        "0.51": {
            "rej_sam": 773.4599,
            "not_rej_sam": 0.0,
            "rej_N": 773.4599,
            "not_rej_N": 0
        },
        "0.55": {
            "rej_sam": 199.02577,
            "not_rej_sam": 0.0,
            "rej_N": 199.02577,
            "not_rej_N": 0
        },
        "0.7": {
            "rej_sam": 289.49225952739954,
            "not_rej_sam": 0.13119,
            "rej_N": 708.12993,
            "not_rej_N": 0
        }
    },
    "0.64": {
        "0.51": {
            "rej_sam": 547.53878,
            "not_rej_sam": 0.0,
            "rej_N": 547.53878,
            "not_rej_N": 0
        },
        "0.55": {
            "rej_sam": 130.35852,
            "not_rej_sam": 0.0,
            "rej_N": 130.35852,
            "not_rej_N": 0
        },
        "0.7": {
            "rej_sam": 97.08815,
            "not_rej_sam": 0.0,
            "rej_N": 97.08815,
            "not_rej_N": 0
        }
    },
    "0.7": {
        "0.51": {
            "rej_sam": 380.70732,
            "not_rej_sam": 0.0,
            "rej_N": 380.70732,
            "not_rej_N": 0
        },
        "0.55": {
            "rej_sam": 85.39303,
            "not_rej_sam": 0.0,
            "rej_N": 85.39303,
            "not_rej_N": 0
        },
        "0.7": {
            "rej_sam": 37.27915,
            "not_rej_sam": 0.0,
            "rej_N": 37.27915,
            "not_rej_N": 0
        }
    }
}