{
    "0.505": {
        "rej_sam": 637.7905185898207,
        "not_rej_sam": 0.91689,
        "rej_N": 17911.54269,
        "not_rej_N": 0
    },
    "0.51": {
        "rej_sam": 723.9141386028389,
        "not_rej_sam": 0.85628,
        "rej_N": 14269.36443,
        "not_rej_N": 0
    },
    "0.52": {
        "rej_sam": 852.4805096641832,
        "not_rej_sam": 0.62956,
        "rej_N": 4852.33973,
        "not_rej_N": 0
    },
    "0.55": {
        "rej_sam": 562.0395717700442,
        "not_rej_sam": 0.01268,
        "rej_N": 585.21953,
        "not_rej_N": 0
    },
    "0.6": {
        "rej_sam": 180.80766,
        "not_rej_sam": 0.0,
        "rej_N": 180.80766,
        "not_rej_N": 0
    },
    "0.64": {
        "rej_sam": 110.03911,
        "not_rej_sam": 0.0,
        "rej_N": 110.03911,
        "not_rej_N": 0
    },
    "0.7": {
        "rej_sam": 67.6946,
        "not_rej_sam": 0.0,
        "rej_N": 67.6946,
        "not_rej_N": 0
    }
}