{
    "0.505": {
        "0.51": {
            "rej_sam": 1698.8432432432433,
            "not_rej_sam": 0.9963,
            "rej_N": 13078.39177,
            "not_rej_N": 0
        },
        "0.55": {
            "rej_sam": 627.8128744273464,
            "not_rej_sam": 0.91487,
            "rej_N": 18023.59969,
            "not_rej_N": 0
        },
        "0.7": {
            "rej_sam": 39.43408866995074,
            "not_rej_sam": 0.94925,
            "rej_N": 18799.95657,
            "not_rej_N": 0
        }
    },
    "0.51": {
        "0.51": {
            "rej_sam": 1686.9623493975903,
            "not_rej_sam": 0.98672,
            "rej_N": 7708.95231,
            "not_rej_N": 0
        },
        "0.55": {
            "rej_sam": 703.1226918342225,
            "not_rej_sam": 0.85378,
            "rej_N": 15759.86803,
            "not_rej_N": 0
        },
        "0.7": {
            "rej_sam": 41.87805300536983,
            "not_rej_sam": 0.94227,
            "rej_N": 18479.20005,
            "not_rej_N": 0
        }
    },
    "0.52": {
        "0.51": {
            "rej_sam": 1660.393361951628,
            "not_rej_sam": 0.90449,
            "rej_N": 3748.54223,
            "not_rej_N": 0
        },
        "0.55": {
            "rej_sam": 807.7446969902203,
            "not_rej_sam": 0.63087,
            "rej_N": 6330.64416,
            "not_rej_N": 0
        },
        "0.7": {
            "rej_sam": 46.224993701184175,
            "not_rej_sam": 0.92062,
            "rej_N": 17709.04231,
            "not_rej_N": 0
        }
    },
    "0.55": {
        "0.51": {
            "rej_sam": 1326.2793129361246,
            "not_rej_sam": 0.0685,
            "rej_N": 1389.36148,
            "not_rej_N": 0
        },
        "0.55": {
            "rej_sam": 548.7648336259298,
            "not_rej_sam": 0.01457,
            "rej_N": 576.20529,
            "not_rej_N": 0
        },
        "0.7": {
            "rej_sam": 72.64580795777508,
            "not_rej_sam": 0.80296,
            "rej_N": 14257.75386,
            "not_rej_N": 0
        }
    },
    "0.6": {
        "0.51": {
            "rej_sam": 671.45244,
            "not_rej_sam": 0.0,
            "rej_N": 671.45244,
            "not_rej_N": 0
        },
        "0.55": {
            "rej_sam": 198.36773,
            "not_rej_sam": 0.0,
            "rej_N": 198.36773,
            "not_rej_N": 0
        },
        "0.7": {
            "rej_sam": 274.05103649497636,
            "not_rej_sam": 0.15002,
            "rej_N": 892.16281,
            "not_rej_N": 0
        }
    },
    "0.64": {
        "0.51": {
            "rej_sam": 474.23091,
            "not_rej_sam": 0.0,
            "rej_N": 474.23091,
            "not_rej_N": 0
        },
        "0.55": {
            "rej_sam": 129.32492,
            "not_rej_sam": 0.0,
            "rej_N": 129.32492,
            "not_rej_N": 0
        },
        "0.7": {
            "rej_sam": 97.49011490114901,
            "not_rej_sam": 1e-05,
            "rej_N": 97.51102,
            "not_rej_N": 0
        }
    },
    "0.7": {
        "0.51": {
            "rej_sam": 328.93378,
            "not_rej_sam": 0.0,
            "rej_N": 328.93378,
            "not_rej_N": 0
        },
        "0.55": {
            "rej_sam": 84.83829,
            "not_rej_sam": 0.0,
            "rej_N": 84.83829,
            "not_rej_N": 0
        },
        "0.7": {
            "rej_sam": 37.34153,
            "not_rej_sam": 0.0,
            "rej_N": 37.34153,
            "not_rej_N": 0
        }
    }
}