{
    "0.505": {
        "0.51": {
            "rej_sam": 19936.99734,
            "not_rej_sam": 0.99656,
            "rej_N": 13085.13118,
            "not_rej_N": 0
        },
        "0.55": {
            "rej_sam": 18350.3942,
            "not_rej_sam": 0.91486,
            "rej_N": 18028.35879,
            "not_rej_N": 0
        },
        "0.7": {
            "rej_sam": 19005.00442,
            "not_rej_sam": 0.95015,
            "rej_N": 18818.75161,
            "not_rej_N": 0
        }
    },
    "0.51": {
        "0.51": {
            "rej_sam": 19758.51328,
            "not_rej_sam": 0.98681,
            "rej_N": 7702.29346,
            "not_rej_N": 0
        },
        "0.55": {
            "rej_sam": 17181.0673,
            "not_rej_sam": 0.85391,
            "rej_N": 15762.33457,
            "not_rej_N": 0
        },
        "0.7": {
            "rej_sam": 18840.23759,
            "not_rej_sam": 0.94189,
            "rej_N": 18472.77394,
            "not_rej_N": 0
        }
    },
    "0.52": {
        "0.51": {
            "rej_sam": 18243.41131,
            "not_rej_sam": 0.90418,
            "rej_N": 3751.09591,
            "not_rej_N": 0
        },
        "0.55": {
            "rej_sam": 12910.68386,
            "not_rej_sam": 0.63047,
            "rej_N": 6333.40416,
            "not_rej_N": 0
        },
        "0.7": {
            "rej_sam": 18451.62344,
            "not_rej_sam": 0.9224,
            "rej_N": 17743.93787,
            "not_rej_N": 0
        }
    },
    "0.55": {
        "0.51": {
            "rej_sam": 2620.47557,
            "not_rej_sam": 0.0692,
            "rej_N": 1392.07752,
            "not_rej_N": 0
        },
        "0.55": {
            "rej_sam": 832.07569,
            "not_rej_sam": 0.01447,
            "rej_N": 578.00042,
            "not_rej_N": 0
        },
        "0.7": {
            "rej_sam": 16076.01305,
            "not_rej_sam": 0.80309,
            "rej_N": 14260.64735,
            "not_rej_N": 0
        }
    },
    "0.6": {
        "0.51": {
            "rej_sam": 671.79963,
            "not_rej_sam": 0.0,
            "rej_N": 671.79963,
            "not_rej_N": 0
        },
        "0.55": {
            "rej_sam": 199.22584,
            "not_rej_sam": 0.0,
            "rej_N": 199.22584,
            "not_rej_N": 0
        },
        "0.7": {
            "rej_sam": 3189.77217,
            "not_rej_sam": 0.14772,
            "rej_N": 881.87492,
            "not_rej_N": 0
        }
    },
    "0.64": {
        "0.51": {
            "rej_sam": 475.31233,
            "not_rej_sam": 0.0,
            "rej_N": 475.31233,
            "not_rej_N": 0
        },
        "0.55": {
            "rej_sam": 130.37337,
            "not_rej_sam": 0.0,
            "rej_N": 130.37337,
            "not_rej_N": 0
        },
        "0.7": {
            "rej_sam": 99.35631,
            "not_rej_sam": 3e-05,
            "rej_N": 98.81867,
            "not_rej_N": 0
        }
    },
    "0.7": {
        "0.51": {
            "rej_sam": 329.81887,
            "not_rej_sam": 0.0,
            "rej_N": 329.81887,
            "not_rej_N": 0
        },
        "0.55": {
            "rej_sam": 85.86311,
            "not_rej_sam": 0.0,
            "rej_N": 85.86311,
            "not_rej_N": 0
        },
        "0.7": {
            "rej_sam": 38.27994,
            "not_rej_sam": 0.0,
            "rej_N": 38.27994,
            "not_rej_N": 0
        }
    }
}