{
    "0.505": {
        "rej_sam": 18401.74448,
        "not_rej_sam": 0.91748,
        "rej_N": 17917.63424,
        "not_rej_N": 0
    },
    "0.51": {
        "rej_sam": 17224.13459,
        "not_rej_sam": 0.8559,
        "rej_N": 14255.62138,
        "not_rej_N": 0
    },
    "0.52": {
        "rej_sam": 12881.43612,
        "not_rej_sam": 0.62803,
        "rej_N": 4844.0469,
        "not_rej_N": 0
    },
    "0.55": {
        "rej_sam": 813.12096,
        "not_rej_sam": 0.01282,
        "rej_N": 587.40604,
        "not_rej_N": 0
    },
    "0.6": {
        "rej_sam": 181.97833,
        "not_rej_sam": 0.0,
        "rej_N": 181.97833,
        "not_rej_N": 0
    },
    "0.64": {
        "rej_sam": 110.80839,
        "not_rej_sam": 0.0,
        "rej_N": 110.80839,
        "not_rej_N": 0
    },
    "0.7": {
        "rej_sam": 68.69436,
        "not_rej_sam": 0.0,
        "rej_N": 68.69436,
        "not_rej_N": 0
    }
}