{
    "0.505": {
        "0.51": {
            "rej_sam": 19985.55401,
            "not_rej_sam": 0.99921,
            "rej_N": 13823.91215,
            "not_rej_N": 0
        },
        "0.55": {
            "rej_sam": 18350.3176,
            "not_rej_sam": 0.91481,
            "rej_N": 18049.53192,
            "not_rej_N": 0
        },
        "0.7": {
            "rej_sam": 19004.80558,
            "not_rej_sam": 0.95014,
            "rej_N": 18818.57995,
            "not_rej_N": 0
        }
    },
    "0.51": {
        "0.51": {
            "rej_sam": 19931.77211,
            "not_rej_sam": 0.99626,
            "rej_N": 8351.61884,
            "not_rej_N": 0
        },
        "0.55": {
            "rej_sam": 17161.55288,
            "not_rej_sam": 0.8528,
            "rej_N": 14922.83254,
            "not_rej_N": 0
        },
        "0.7": {
            "rej_sam": 18839.64099,
            "not_rej_sam": 0.94186,
            "rej_N": 18472.20025,
            "not_rej_N": 0
        }
    },
    "0.52": {
        "0.51": {
            "rej_sam": 19288.5004,
            "not_rej_sam": 0.96105,
            "rej_N": 4195.11641,
            "not_rej_N": 0
        },
        "0.55": {
            "rej_sam": 12848.61696,
            "not_rej_sam": 0.62704,
            "rej_N": 5447.71866,
            "not_rej_N": 0
        },
        "0.7": {
            "rej_sam": 18449.64307,
            "not_rej_sam": 0.9223,
            "rej_N": 17742.04567,
            "not_rej_N": 0
        }
    },
    "0.55": {
        "0.51": {
            "rej_sam": 4234.04998,
            "not_rej_sam": 0.14912,
            "rej_N": 1591.10388,
            "not_rej_N": 0
        },
        "0.55": {
            "rej_sam": 823.51754,
            "not_rej_sam": 0.01393,
            "rej_N": 578.69603,
            "not_rej_N": 0
        },
        "0.7": {
            "rej_sam": 16064.83002,
            "not_rej_sam": 0.80252,
            "rej_N": 12937.78174,
            "not_rej_N": 0
        }
    },
    "0.6": {
        "0.51": {
            "rej_sam": 774.00324,
            "not_rej_sam": 0.0,
            "rej_N": 774.00324,
            "not_rej_N": 0
        },
        "0.55": {
            "rej_sam": 200.38893,
            "not_rej_sam": 0.0,
            "rej_N": 200.38893,
            "not_rej_N": 0
        },
        "0.7": {
            "rej_sam": 2821.58,
            "not_rej_sam": 0.12817,
            "rej_N": 703.9642,
            "not_rej_N": 0
        }
    },
    "0.64": {
        "0.51": {
            "rej_sam": 548.68082,
            "not_rej_sam": 0.0,
            "rej_N": 548.68082,
            "not_rej_N": 0
        },
        "0.55": {
            "rej_sam": 131.22146,
            "not_rej_sam": 0.0,
            "rej_N": 131.22146,
            "not_rej_N": 0
        },
        "0.7": {
            "rej_sam": 98.47384,
            "not_rej_sam": 1e-05,
            "rej_N": 98.29425,
            "not_rej_N": 0
        }
    },
    "0.7": {
        "0.51": {
            "rej_sam": 381.49659,
            "not_rej_sam": 0.0,
            "rej_N": 381.49659,
            "not_rej_N": 0
        },
        "0.55": {
            "rej_sam": 86.45503,
            "not_rej_sam": 0.0,
            "rej_N": 86.45503,
            "not_rej_N": 0
        },
        "0.7": {
            "rej_sam": 38.27346,
            "not_rej_sam": 0.0,
            "rej_N": 38.27346,
            "not_rej_N": 0
        }
    }
}